Id,Type,Sex
柳叶熙,Virtual,
初音未来,Virtual,
User_12836951,User,男
User_20644974,User,保密
User_1944877464,User,保密
User_438589904,User,保密
Tag_女性标签,Tag,
User_38236622,User,保密
User_11783622,User,女
User_37279769,User,保密
User_93652505,User,男
User_194190279,User,男
User_9354905,User,男
User_20747187,User,男
User_109630108,User,男
User_141159755,User,保密
User_2121233873,User,保密
User_500003678,User,女
User_7158369,User,保密
User_1941659411,User,保密
User_356124279,User,保密
User_255533168,User,保密
User_357109622,User,男
User_7741680,User,男
User_213433489,User,男
User_1663601789,User,保密
User_95901866,User,男
User_438431637,User,保密
User_1117424823,User,保密
User_91778678,User,保密
User_690863222,User,男
User_4917859,User,保密
User_343552343,User,保密
User_94920821,User,男
User_99147662,User,男
User_4042306,User,男
User_15738913,User,保密
User_23337199,User,保密
User_398794785,User,保密
User_1543578690,User,男
User_368063865,User,男
User_316072281,User,保密
User_490110261,User,男
User_271291112,User,男
User_296914047,User,男
User_400469709,User,男
User_176793819,User,保密
User_240872760,User,男
User_1897527260,User,保密
User_188834934,User,保密
User_31205926,User,男
User_268157433,User,女
User_21002052,User,男
User_13825853,User,保密
User_15053329,User,保密
User_1993687,User,男
User_31384131,User,男
User_220404912,User,男
User_168673330,User,男
User_524948962,User,保密
User_31574526,User,男
User_1998547470,User,保密
User_1512787900,User,保密
User_162394055,User,保密
User_457337546,User,保密
User_506589805,User,保密
User_1799461694,User,男
User_124706605,User,女
User_571919313,User,保密
User_16091266,User,男
User_309959889,User,男
User_86213614,User,男
User_418993351,User,保密
User_437898480,User,保密
User_676691246,User,保密
User_53113763,User,男
User_4465413,User,保密
User_1893982394,User,保密
User_487167024,User,男
User_1280183178,User,保密
User_1518090048,User,男
User_549961369,User,男
User_329343434,User,保密
User_40053482,User,保密
User_342257681,User,保密
User_8677163,User,保密
User_149713,User,保密
User_667930561,User,保密
User_86692301,User,女
User_593661224,User,保密
User_140289595,User,保密
User_43588647,User,保密
User_31663757,User,男
User_696575468,User,保密
User_325712453,User,男
User_347670729,User,男
User_353338944,User,男
User_57932639,User,男
User_1772138312,User,保密
User_1999803041,User,男
User_366812205,User,保密
User_645181541,User,保密
User_1275442519,User,女
User_14668872,User,男
User_400507647,User,保密
User_66269109,User,男
User_26460167,User,男
User_328629189,User,男
User_203506537,User,男
User_34173100,User,保密
User_513371468,User,保密
User_166848154,User,男
User_238195743,User,男
User_513281107,User,男
User_64625033,User,保密
User_848047,User,男
User_89421478,User,男
User_383783531,User,男
User_12072882,User,女
User_409753,User,男
User_1802823336,User,保密
User_29610474,User,保密
User_7565764,User,女
User_1016095297,User,保密
User_173003831,User,男
User_455529965,User,女
User_573879760,User,保密
User_3315575,User,男
User_438183444,User,男
User_27366649,User,男
User_619277551,User,保密
User_433981605,User,男
User_3493093770791189,User,保密
User_646994384,User,保密
User_354478870,User,保密
User_472319399,User,男
User_437486144,User,男
User_500725026,User,男
User_231574006,User,男
User_36636972,User,保密
User_53508313,User,保密
User_1111078,User,女
User_689221795,User,男
User_50800432,User,保密
User_491712963,User,男
User_299651316,User,女
User_73768047,User,女
User_3461564285847582,User,保密
User_442487819,User,保密
User_434001354,User,保密
User_2967602,User,保密
User_686654177,User,保密
User_1863160908,User,保密
User_109652307,User,男
User_662570038,User,保密
User_1057264824,User,保密
User_259816135,User,保密
User_182006021,User,男
User_312095066,User,男
User_1493373670,User,男
User_29193957,User,男
User_12993663,User,保密
User_643234497,User,保密
User_126054514,User,保密
User_351403882,User,保密
User_199210193,User,保密
User_1188455837,User,保密
User_424748876,User,男
User_1470592334,User,保密
User_56504647,User,保密
User_372280178,User,男
User_475120,User,男
User_188577329,User,保密
User_14708982,User,保密
User_156071992,User,保密
User_388324264,User,保密
User_438755912,User,女
User_22289792,User,保密
User_96873842,User,保密
User_44522580,User,保密
User_1328736925,User,保密
User_192146232,User,男
User_1235511836,User,保密
User_475152063,User,保密
User_132987223,User,保密
User_39289708,User,保密
User_11836266,User,保密
User_236911560,User,保密
User_32864332,User,男
User_418384799,User,保密
User_475737121,User,男
User_576786132,User,男
User_328537572,User,男
User_313326968,User,男
User_14321107,User,男
User_8402177,User,保密
User_31876354,User,保密
User_1590076076,User,保密
User_279215626,User,男
User_3493092753672440,User,保密
User_72935238,User,保密
User_3461579767023914,User,保密
User_26168320,User,男
User_343069836,User,保密
User_34861380,User,男
User_549778090,User,男
User_2032334942,User,男
User_541413230,User,保密
User_5737197,User,保密
User_29008518,User,保密
User_6043200,User,保密
User_1422348045,User,保密
User_400283102,User,男
User_4524374,User,女
User_35007529,User,男
User_512847795,User,男
User_625264100,User,保密
User_1635226090,User,保密
User_204935021,User,保密
User_28262119,User,男
User_189677009,User,男
User_35256509,User,保密
User_335372085,User,男
User_259121808,User,保密
User_521895593,User,保密
User_408042597,User,保密
User_483416524,User,男
User_49866792,User,保密
User_1798390259,User,保密
User_390586679,User,保密
User_382928809,User,保密
User_78245215,User,保密
User_516158762,User,男
User_31234937,User,保密
User_23150039,User,男
User_1354253877,User,保密
User_508740433,User,男
User_413085134,User,保密
User_97681235,User,保密
User_335320287,User,保密
User_192304881,User,男
User_496708850,User,保密
User_347531991,User,男
User_282443951,User,保密
User_190970635,User,男
User_397236779,User,男
User_382981553,User,保密
User_47323748,User,男
User_66884841,User,女
User_1380405,User,保密
User_100379382,User,保密
User_443280200,User,保密
User_672121514,User,保密
User_42269248,User,保密
User_1430428933,User,男
User_443162853,User,男
User_23001485,User,男
User_268537428,User,男
User_170111544,User,保密
User_102736145,User,男
User_398790942,User,女
User_348051033,User,保密
User_357274551,User,男
User_40220874,User,保密
User_394842814,User,男
User_390968394,User,男
User_647952789,User,保密
User_1086932848,User,保密
User_477544160,User,男
User_32991465,User,男
User_272800716,User,男
User_503825929,User,保密
User_687061917,User,保密
User_702628,User,保密
User_524981997,User,男
User_351934234,User,保密
User_487623187,User,保密
User_2019996226,User,保密
User_605013808,User,保密
User_391885554,User,男
User_12780620,User,保密
User_638162483,User,保密
User_667253065,User,保密
User_26639782,User,男
User_122459752,User,女
User_3896736,User,保密
User_663121257,User,保密
User_431192811,User,女
User_104512962,User,男
User_140413,User,男
User_21082237,User,男
User_294057195,User,男
User_12960237,User,男
User_36201698,User,保密
User_108178609,User,保密
User_1545483810,User,保密
User_501837649,User,保密
User_195207348,User,保密
User_1217194674,User,男
User_13641704,User,保密
User_107939835,User,保密
User_32168072,User,男
User_252623366,User,保密
User_28589536,User,男
User_308703196,User,保密
User_1982009899,User,男
User_321781147,User,保密
User_431495363,User,保密
User_373996448,User,男
User_97078990,User,男
User_2052349911,User,男
User_103296307,User,男
User_11667716,User,保密
User_3554279,User,男
User_17646380,User,男
User_14017915,User,保密
User_35062850,User,男
User_22177665,User,保密
User_33798731,User,保密
User_7149774,User,男
User_480158820,User,保密
User_2853386,User,男
User_696860688,User,保密
User_2018900479,User,女
User_273984655,User,男
User_282217043,User,男
User_169377365,User,男
User_531857814,User,保密
User_163808241,User,女
User_33866808,User,保密
User_145794397,User,男
User_1121017869,User,男
User_2096524295,User,男
User_9131803,User,保密
User_38282173,User,保密
User_205163738,User,保密
User_110359038,User,男
User_1289982439,User,男
User_305312076,User,男
User_480829113,User,保密
User_88155214,User,男
User_33645473,User,男
User_30652187,User,女
User_179691057,User,保密
User_435498953,User,保密
User_66435941,User,男
User_525143633,User,保密
User_509172126,User,保密
User_1654917,User,保密
User_28524511,User,保密
User_284118382,User,男
User_13186075,User,保密
User_73704881,User,保密
User_1453006482,User,保密
User_385771185,User,男
User_436552191,User,男
User_1671590,User,保密
User_411640935,User,保密
User_204802395,User,保密
User_172502325,User,男
User_458110987,User,女
User_140342,User,保密
User_1637773469,User,保密
User_24512039,User,保密
Tag_男性标签,Tag,
User_23392553,User,男
User_35603716,User,男
User_500056602,User,女
User_82095387,User,保密
User_1175160576,User,保密
User_228955976,User,男
User_85261261,User,男
User_519071660,User,女
User_457015452,User,男
User_120192492,User,男
User_290731465,User,保密
User_1627966024,User,女
User_452970961,User,保密
User_37591404,User,男
User_1019211011,User,保密
User_351368920,User,女
User_35988337,User,保密
User_1612151877,User,保密
User_16523770,User,男
User_599141820,User,保密
User_32018902,User,保密
User_226524293,User,男
User_13017687,User,保密
User_29834156,User,男
User_4901840,User,男
User_24045947,User,男
User_1089720511,User,保密
User_1213592652,User,保密
User_394414141,User,保密
User_270832429,User,保密
User_630170607,User,男
User_14162100,User,男
User_435239878,User,女
User_198308393,User,保密
User_91222667,User,男
User_33137943,User,男
User_396611142,User,男
User_193006350,User,男
User_40654889,User,男
User_12617741,User,保密
User_482937007,User,保密
User_21173518,User,男
User_484692522,User,保密
User_239754936,User,保密
User_444815739,User,男
User_1165249919,User,保密
User_409836338,User,保密
User_369348439,User,男
User_572675807,User,保密
User_1245244535,User,保密
User_84895607,User,保密
User_105507940,User,保密
User_175572311,User,保密
User_10546716,User,女
User_44430043,User,男
User_1924255058,User,保密
User_39201095,User,保密
User_1291474271,User,保密
User_8879652,User,保密
User_179095543,User,保密
User_97404567,User,男
User_435746227,User,保密
User_233664883,User,保密
User_352964778,User,保密
User_2531280,User,男
User_1510270392,User,男
User_482110822,User,女
User_348979167,User,男
User_34137219,User,保密
User_1936492,User,保密
User_1069852117,User,保密
User_30835587,User,男
User_2057273776,User,保密
User_69834825,User,保密
User_506355656,User,男
User_1075314756,User,保密
User_46033622,User,保密
User_516051209,User,女
User_327243079,User,保密
User_387028132,User,保密
User_8901954,User,保密
User_509765794,User,保密
User_244746483,User,保密
User_279994819,User,男
User_259467182,User,保密
User_553587420,User,保密
User_1411082970,User,女
User_342192472,User,保密
User_13481048,User,女
User_1887967897,User,保密
User_27052011,User,男
User_43753486,User,女
User_2497744,User,保密
User_552064878,User,保密
User_440096033,User,男
User_170127602,User,男
User_307516636,User,男
User_243714544,User,男
User_8846596,User,保密
User_1908467,User,男
User_34984737,User,保密
User_479849152,User,男
User_35406271,User,男
User_21115093,User,保密
User_109785699,User,保密
User_1461363186,User,保密
User_1905431394,User,保密
User_26087874,User,保密
User_396048550,User,保密
User_242522921,User,男
User_324238949,User,保密
User_31451949,User,男
User_322968800,User,保密
User_164017450,User,男
User_650913443,User,保密
User_16577080,User,女
User_1832716179,User,女
User_403598733,User,保密
User_1694410,User,男
User_15114944,User,男
User_492424951,User,保密
User_883280,User,男
User_302226469,User,男
User_17667745,User,保密
User_34547059,User,男
User_499554063,User,保密
User_49655521,User,男
User_33188644,User,男
User_74160988,User,男
User_287015528,User,男
User_326414056,User,保密
User_38847360,User,男
User_29994050,User,保密
User_347075921,User,男
User_341107551,User,男
User_1852154630,User,保密
User_384770124,User,男
User_42841738,User,男
User_2481498,User,男
User_7008053,User,男
User_2888618,User,保密
User_26007689,User,男
User_100669382,User,男
User_27287774,User,保密
User_449230131,User,保密
User_111942149,User,保密
User_436094604,User,保密
User_277906191,User,保密
User_299616323,User,保密
User_545615527,User,保密
User_158937419,User,保密
User_367435509,User,保密
User_308746288,User,保密
User_171261235,User,保密
User_76758935,User,保密
User_32672118,User,保密
User_431705776,User,女
User_194572569,User,男
User_189955845,User,男
User_1540239871,User,保密
User_65372643,User,保密
User_1043430629,User,女
User_477861287,User,男
User_94732921,User,女
User_586932410,User,男
User_335858490,User,保密
User_493570231,User,男
User_181986529,User,保密
User_104117926,User,男
User_372454173,User,男
User_365687436,User,保密
User_692318395,User,男
User_523008158,User,女
User_500958052,User,女
User_25081725,User,保密
User_142960934,User,保密
User_587874172,User,保密
User_1456938671,User,保密
User_6536567,User,男
User_335130983,User,保密
User_93080466,User,保密
User_429532391,User,保密
User_699925941,User,女
User_5849282,User,保密
User_352917668,User,男
User_10442811,User,保密
User_16590298,User,保密
User_237064692,User,保密
User_371879115,User,保密
User_2064058021,User,保密
User_1584473489,User,男
User_12413240,User,男
User_397076154,User,女
User_46550444,User,男
User_259563447,User,保密
User_362853573,User,女
User_223363496,User,保密
User_346924780,User,保密
User_616979981,User,保密
User_1111774766,User,男
User_29328843,User,保密
User_527576119,User,男
User_285445061,User,男
User_495295768,User,男
User_314153916,User,女
User_1791833316,User,男
User_319737850,User,男
User_12044401,User,男
User_3461566959717017,User,保密
User_1481534447,User,保密
User_27809534,User,保密
User_1070732468,User,女
User_24699077,User,保密
User_418229064,User,男
User_1515528056,User,保密
User_358502774,User,男
User_6433983,User,保密
User_404890712,User,女
User_587602,User,男
User_248133473,User,保密
User_7930067,User,男
User_491205895,User,保密
User_34866004,User,男
User_32893252,User,保密
User_388222169,User,保密
User_179269734,User,保密
User_174491046,User,男
User_294866695,User,保密
User_507544200,User,女
User_498869645,User,保密
User_38524312,User,女
User_19914320,User,女
User_290943250,User,保密
User_108700775,User,男
User_1047614292,User,男
User_517604782,User,男
User_3653320,User,女
User_34367705,User,男
User_182151309,User,男
User_403533945,User,男
User_34487625,User,保密
User_1400584638,User,保密
User_1202688009,User,男
User_480408975,User,男
User_457275543,User,女
User_415556022,User,男
User_13974985,User,保密
User_28756406,User,男
User_48512691,User,男
User_44898197,User,女
User_411304651,User,保密
User_280959701,User,男
User_34137185,User,保密
User_1572081807,User,保密
User_8207490,User,男
User_451796540,User,女
User_294037328,User,男
User_1250179440,User,保密
User_276467039,User,男
User_243832548,User,女
User_87204353,User,男
User_53508927,User,男
User_75399250,User,保密
User_10209425,User,保密
User_6419562,User,保密
User_505648065,User,保密
User_370342,User,男
User_478063966,User,保密
User_13769775,User,保密
User_1045931272,User,保密
User_12550950,User,保密
User_1990732593,User,女
User_474138008,User,男
User_190795848,User,男
User_401571075,User,保密
User_19503437,User,保密
User_384912337,User,保密
User_16083229,User,男
User_76950690,User,男
User_15247239,User,男
User_332108993,User,保密
User_34692808,User,男
User_165735394,User,保密
User_474865930,User,保密
User_91211021,User,男
User_386105403,User,保密
User_400214691,User,保密
User_299310112,User,保密
User_526117711,User,保密
User_668304481,User,男
User_173454842,User,男
User_1426881501,User,保密
User_1405511998,User,男
User_128512014,User,保密
User_1292059366,User,男
User_397599156,User,男
User_1508589,User,男
User_509978798,User,保密
User_486007067,User,保密
User_7927633,User,男
User_592413540,User,保密
User_34835862,User,男
User_272481139,User,男
User_200418807,User,保密
User_207850738,User,男
User_8199112,User,男
User_395216767,User,男
User_382550155,User,男
User_259631821,User,保密
User_394521748,User,男
User_3175099,User,男
User_38149222,User,保密
User_8265920,User,男
User_67369788,User,男
User_10643257,User,保密
User_14256084,User,保密
User_32144223,User,男
User_438023021,User,男
User_18748784,User,保密
User_66616374,User,男
User_182455260,User,男
User_390665787,User,保密
User_687714773,User,保密
User_339244769,User,保密
User_31887025,User,女
User_437662232,User,保密
User_167749041,User,男
User_590762675,User,保密
User_24842527,User,保密
User_349570820,User,女
User_85996746,User,保密
User_289795342,User,男
User_158616373,User,男
User_224547151,User,男
User_11295354,User,女
User_10766780,User,男
User_3903095,User,保密
User_626521874,User,保密
User_18240350,User,保密
User_17616560,User,男
User_582165533,User,男
User_24809093,User,保密
User_263180269,User,保密
User_85416277,User,男
User_1306516762,User,保密
User_69732477,User,男
User_381745344,User,保密
User_199740792,User,男
User_749558,User,男
User_229906432,User,保密
User_436092473,User,男
User_11592891,User,男
User_402662173,User,保密
User_14367824,User,男
User_266865069,User,男
User_20227720,User,女
User_15110437,User,女
User_33917633,User,保密
User_295080291,User,保密
User_362441718,User,男
User_23945562,User,男
User_4269122,User,男
User_99447173,User,保密
User_3051456,User,保密
User_410859998,User,男
User_24451146,User,保密
User_23248802,User,男
User_246886201,User,保密
User_4969486,User,保密
User_648681011,User,男
User_102582168,User,男
User_1898657282,User,保密
User_14509294,User,保密
User_396284132,User,保密
User_1388011999,User,保密
User_37785660,User,保密
User_1361112289,User,保密
User_1079096200,User,女
User_407502223,User,保密
User_321439134,User,男
User_660063821,User,保密
User_291057302,User,男
User_425340499,User,保密
User_1141013221,User,保密
User_456842471,User,保密
User_56881629,User,男
User_486057415,User,男
User_244797537,User,保密
User_8124482,User,保密
User_3493258661464197,User,保密
User_470099923,User,保密
User_1509932398,User,保密
User_386134031,User,男
User_1229157895,User,保密
User_295574268,User,保密
User_476221750,User,男
User_162096831,User,男
User_384328722,User,保密
User_289011590,User,女
User_62516194,User,保密
User_382946122,User,保密
User_496877153,User,保密
User_1769765,User,男
User_431919985,User,男
User_518856650,User,保密
User_390516687,User,保密
User_1059918859,User,男
User_59641574,User,男
User_457921413,User,男
User_1980671,User,保密
User_258335219,User,保密
User_3493112500455643,User,保密
User_1582488849,User,保密
User_509312007,User,保密
User_15244136,User,男
User_14454598,User,保密
User_504404457,User,男
User_27913364,User,保密
User_382169504,User,保密
User_470966950,User,保密
User_27209525,User,保密
User_57239818,User,男
User_56345681,User,保密
User_1276322023,User,保密
User_401040735,User,男
User_441987166,User,保密
User_699433134,User,保密
User_1586271721,User,保密
User_647985154,User,保密
User_1210085893,User,保密
User_283051012,User,男
User_502323305,User,保密
User_520844930,User,男
User_698154958,User,男
User_3493119790156082,User,男
User_33274273,User,男
User_3493131800546230,User,保密
User_35688783,User,保密
User_321928869,User,保密
User_1565683329,User,男
User_1318149866,User,男
User_17881004,User,男
User_1745996486,User,保密
User_419211604,User,男
User_95148656,User,男
User_6114503,User,男
User_1830141162,User,保密
User_495047661,User,女
User_22001024,User,男
User_73010444,User,男
User_143541,User,男
User_34627301,User,男
User_151408839,User,男
User_2221116,User,保密
User_651421667,User,女
User_679874,User,保密
User_476026263,User,男
User_503037301,User,保密
User_2103758232,User,女
User_505278215,User,男
User_7965741,User,男
User_456963433,User,保密
User_8852716,User,保密
User_446341012,User,男
User_640930727,User,保密
User_2038866971,User,保密
User_507004400,User,保密
User_1342893773,User,男
User_438729344,User,保密
User_2291024,User,男
User_927540,User,男
User_421426635,User,保密
User_510844764,User,保密
User_417000895,User,保密
User_156924641,User,保密
User_17930536,User,男
User_22342502,User,保密
User_488376628,User,男
User_358616581,User,保密
User_480670054,User,保密
User_97524493,User,男
User_11486063,User,男
User_15880491,User,男
User_136976983,User,男
User_26203149,User,保密
User_488299615,User,保密
User_38418251,User,男
User_3493104308980043,User,男
User_294185278,User,保密
User_6879327,User,男
User_397808355,User,男
User_1576159902,User,保密
User_477598308,User,保密
User_107706945,User,男
User_3925604,User,男
User_128571191,User,男
User_1271087611,User,保密
User_81276772,User,保密
User_1937183039,User,男
User_85307343,User,保密
User_20627432,User,男
User_346348076,User,保密
User_344006250,User,保密
User_25598734,User,保密
User_391286269,User,保密
User_192896458,User,男
User_27576102,User,保密
User_23594880,User,男
User_283822208,User,男
User_627975381,User,保密
User_473372736,User,保密
User_108136751,User,保密
User_30480269,User,保密
User_24108290,User,保密
User_394818408,User,男
User_22599344,User,保密
User_440879309,User,保密
User_6157002,User,保密
User_1813556510,User,男
User_433259418,User,保密
User_324294513,User,保密
User_397467111,User,保密
User_43210532,User,男
User_148949768,User,女
User_441994646,User,男
User_403277351,User,保密
User_49974552,User,男
User_89883450,User,男
User_646408793,User,女
User_23336925,User,保密
User_518568527,User,男
User_381871474,User,保密
User_32038942,User,保密
User_375198284,User,保密
User_359300207,User,男
User_1309818160,User,保密
User_3296680,User,男
User_1739603220,User,保密
User_19078358,User,保密
User_4813209,User,男
User_309453,User,男
User_53784905,User,男
User_431737335,User,男
User_355844329,User,男
User_26110390,User,保密
User_73395753,User,保密
User_110930881,User,保密
User_105284708,User,保密
User_275007509,User,男
User_316190338,User,男
User_1366370291,User,保密
User_173010133,User,保密
User_8205995,User,保密
User_1216415527,User,保密
User_1579200065,User,男
User_154546383,User,保密
User_1552820520,User,保密
User_341265647,User,男
User_399505894,User,男
User_11617702,User,男
User_267742149,User,保密
User_158377756,User,男
User_317046242,User,男
User_14717322,User,男
User_2350836,User,男
User_379309988,User,男
User_35197721,User,男
User_1132357755,User,保密
User_1313119,User,男
User_30204798,User,男
User_95164078,User,男
User_201147604,User,保密
User_409185715,User,保密
User_240293922,User,男
User_8051993,User,男
User_31281620,User,男
User_33368428,User,男
User_389847270,User,男
User_490617415,User,保密
User_15272499,User,男
User_249578612,User,保密
User_420446871,User,男
User_5866623,User,男
User_1536638411,User,保密
User_28616264,User,保密
User_21428216,User,保密
User_1453618793,User,保密
User_1043368780,User,保密
User_1327693990,User,女
User_39201819,User,保密
User_12634791,User,男
User_52408158,User,男
User_65713777,User,男
User_85748840,User,男
User_508189245,User,女
User_642521,User,保密
User_450156035,User,保密
User_502588817,User,男
User_249198153,User,保密
User_191133446,User,保密
User_266100970,User,男
User_18475160,User,男
User_86516929,User,保密
User_484314983,User,保密
User_28411536,User,保密
User_131349880,User,男
User_482935164,User,保密
User_30684605,User,男
User_1707339557,User,男
User_375361958,User,保密
User_508257101,User,保密
User_1697510444,User,保密
User_481894698,User,保密
User_5937736,User,男
User_237804377,User,男
User_400618750,User,保密
User_11629979,User,保密
User_448162305,User,男
User_2013368099,User,保密
User_8806611,User,保密
User_13522466,User,保密
User_523886820,User,保密
User_438297146,User,男
User_381745553,User,保密
User_131954829,User,男
User_513705641,User,保密
User_34235482,User,男
User_1033694552,User,男
User_1762443393,User,保密
User_21746921,User,男
User_586839267,User,男
User_80828645,User,保密
User_296059379,User,保密
User_40295218,User,女
User_492007922,User,保密
User_471978064,User,男
User_40207178,User,男
User_43911685,User,男
User_1226898489,User,保密
User_265624605,User,保密
User_573585468,User,保密
User_400742613,User,保密
User_110073719,User,保密
User_5524724,User,保密
User_8218675,User,保密
User_353507526,User,男
User_1473779274,User,女
User_87157578,User,女
User_35954261,User,男
User_454839574,User,保密
User_518616364,User,保密
User_3272664,User,保密
User_2969783,User,男
User_28908235,User,男
User_14620120,User,男
User_284151336,User,男
User_3581600,User,男
User_28774029,User,保密
User_1465713962,User,女
User_4695362,User,保密
User_438919976,User,保密
User_381780283,User,保密
User_391809409,User,男
User_4265198,User,男
User_1024877424,User,男
User_273054378,User,男
User_70812537,User,保密
User_1941873638,User,保密
User_37423818,User,保密
User_21997861,User,保密
User_32586869,User,保密
User_261834013,User,保密
User_308262343,User,保密
User_387627300,User,保密
User_3461569012828576,User,保密
User_427413142,User,保密
User_455458880,User,女
User_441684558,User,保密
User_258915636,User,保密
User_526524270,User,保密
User_693439571,User,男
User_3435858,User,保密
User_486691226,User,男
User_2073927772,User,保密
User_24317484,User,保密
User_400671974,User,保密
User_22787088,User,男
User_326271886,User,男
User_456412528,User,保密
User_203257242,User,保密
User_524180439,User,男
User_361109237,User,男
User_242609920,User,保密
User_1370092444,User,保密
User_345777195,User,保密
User_1120989684,User,男
User_495715147,User,男
User_7666272,User,男
User_23563506,User,保密
User_65615909,User,男
User_586853872,User,男
User_32505891,User,男
User_1533035338,User,保密
User_48511123,User,保密
User_316592572,User,男
User_42839245,User,男
User_389058136,User,男
User_12310,User,保密
User_381765072,User,男
User_488130526,User,保密
User_1847681805,User,男
User_66415103,User,保密
User_12081375,User,保密
User_71365462,User,男
User_9866698,User,保密
User_39314066,User,保密
User_497340579,User,保密
User_39551461,User,男
User_13210365,User,保密
User_397166035,User,男
User_231744752,User,保密
User_215576,User,男
User_363228080,User,保密
User_695431191,User,保密
User_1513742678,User,女
User_170587757,User,保密
User_414469644,User,男
User_2101470053,User,保密
User_11876510,User,保密
User_482479257,User,男
User_512918123,User,保密
User_387438916,User,男
User_492953317,User,保密
User_1867791493,User,女
User_544238476,User,保密
User_13674081,User,男
User_165948739,User,男
User_11457485,User,男
User_246504156,User,保密
User_33889974,User,保密
User_12028153,User,保密
User_1979980196,User,保密
User_137121601,User,保密
User_219800472,User,男
User_517158589,User,保密
User_303134287,User,保密
User_520562604,User,保密
User_648709566,User,男
User_434235882,User,男
User_321557527,User,女
User_53208233,User,男
User_320944060,User,保密
User_91850233,User,保密
User_7048938,User,男
User_99025961,User,保密
User_89880711,User,保密
User_1573367727,User,女
User_410058,User,保密
User_346457454,User,男
User_1475716939,User,保密
User_301519525,User,保密
User_3233390,User,男
User_369717708,User,男
User_8431397,User,男
User_1527841149,User,男
User_410255313,User,男
User_170969534,User,男
User_298735382,User,保密
User_1075423165,User,保密
User_140267626,User,男
User_478435155,User,男
User_305946095,User,保密
User_43617786,User,男
User_349366364,User,女
User_44668392,User,保密
User_495449402,User,保密
User_319497354,User,保密
User_13029156,User,男
User_1124238146,User,保密
User_401180144,User,女
User_18355993,User,保密
User_275690623,User,男
User_407251282,User,保密
User_13731293,User,男
User_36715692,User,男
User_24054431,User,男
User_319380744,User,保密
User_96236325,User,男
User_89106205,User,保密
User_35912769,User,保密
User_1061425657,User,保密
User_243812781,User,保密
User_204034623,User,保密
User_544796829,User,保密
User_6686517,User,男
User_365743573,User,保密
User_418274549,User,男
User_370978427,User,保密
User_2076614614,User,保密
User_286785295,User,男
User_15686240,User,男
User_280391622,User,女
User_499117835,User,保密
User_255787883,User,保密
User_6966708,User,男
User_1354562873,User,保密
User_348735623,User,男
User_30666667,User,保密
User_476987685,User,保密
User_24365182,User,女
User_291903985,User,保密
User_335094944,User,保密
User_17494789,User,女
User_424034972,User,男
User_331880316,User,保密
User_1152859364,User,保密
User_1723691,User,保密
User_440880318,User,男
User_636458752,User,保密
User_562885791,User,保密
User_525427175,User,保密
User_646102329,User,男
User_669985465,User,保密
User_228318660,User,保密
User_386432995,User,保密
User_237977,User,男
User_313808185,User,男
User_522635590,User,保密
User_283438211,User,男
User_18521629,User,保密
User_86002646,User,男
User_4423521,User,保密
User_71832134,User,男
User_11907285,User,女
User_503757012,User,女
User_413334786,User,保密
User_342664707,User,男
User_24133177,User,男
User_626200254,User,保密
User_15142270,User,男
User_241639681,User,保密
User_96288935,User,保密
User_24760620,User,女
User_520157928,User,男
User_9944998,User,男
User_415086555,User,保密
User_288579143,User,保密
User_385108971,User,男
User_88797265,User,男
User_479523455,User,保密
User_22012978,User,男
User_31699589,User,保密
User_11841743,User,女
User_347039713,User,保密
User_391052375,User,保密
User_232220025,User,男
User_381557648,User,男
User_1441907608,User,男
User_14279105,User,男
User_403251425,User,男
User_94761538,User,保密
User_355319900,User,保密
User_437961080,User,女
User_14470176,User,保密
User_480405524,User,男
User_168763598,User,男
User_72829975,User,男
User_8913043,User,男
User_18035344,User,保密
User_146539087,User,男
User_1130088781,User,保密
User_17579568,User,男
User_1639069263,User,保密
User_263894755,User,男
User_36760673,User,男
User_1398630,User,男
User_521825366,User,男
User_4476053,User,保密
User_30628086,User,保密
User_491424,User,保密
User_346019274,User,男
User_1921325253,User,保密
User_1494622188,User,保密
User_1300834886,User,女
User_404476278,User,保密
User_1840042896,User,男
User_1203976202,User,保密
User_89328539,User,保密
User_31098907,User,保密
User_3493085979871769,User,保密
User_1534317917,User,保密
User_21465019,User,男
User_57747982,User,男
User_176212100,User,保密
User_23132257,User,保密
User_128577588,User,男
User_4769015,User,男
User_295312281,User,男
User_1810973501,User,保密
User_1580112804,User,男
User_398336616,User,男
User_526572012,User,保密
User_403527427,User,保密
User_13987729,User,保密
User_382436950,User,保密
User_537402773,User,保密
User_1422650427,User,女
User_22777502,User,保密
User_347868412,User,保密
User_421390843,User,男
User_362158174,User,保密
User_470448426,User,保密
User_35876557,User,男
User_511901308,User,男
User_500766995,User,保密
User_34654576,User,男
User_1636113100,User,保密
User_262158001,User,男
User_694007140,User,保密
User_338033235,User,保密
User_2596210,User,男
User_28683935,User,保密
User_317144696,User,保密
User_26632844,User,女
User_503538629,User,男
User_58043708,User,保密
User_425274160,User,保密
User_398807548,User,保密
User_2442407,User,男
User_21348053,User,保密
User_236474319,User,男
User_65860384,User,保密
User_386410080,User,保密
User_350073277,User,保密
User_478575567,User,保密
User_7295552,User,女
User_359427610,User,男
User_20681410,User,保密
User_1545922290,User,男
User_95793310,User,保密
User_251069432,User,保密
User_1320322,User,保密
User_209739944,User,保密
User_23736731,User,保密
User_67935763,User,保密
User_14302959,User,保密
User_23986204,User,保密
User_290274817,User,男
User_277416662,User,男
User_102383107,User,保密
User_2759267,User,男
User_203242978,User,保密
User_405788132,User,男
User_310735138,User,保密
User_54462379,User,男
User_171789440,User,保密
User_491726422,User,保密
User_21569901,User,男
User_155539275,User,男
User_12670400,User,保密
User_44327687,User,保密
User_295345161,User,保密
User_442462442,User,保密
User_97487811,User,男
User_62882466,User,保密
User_629860523,User,保密
User_313592480,User,保密
User_173554515,User,保密
User_45371524,User,保密
User_391798791,User,男
User_157571717,User,保密
User_8634805,User,男
User_192690271,User,男
User_1999975722,User,保密
User_298752720,User,保密
User_37014468,User,男
User_17690108,User,男
User_435984454,User,男
User_95642922,User,男
User_91419291,User,保密
User_266125836,User,男
User_595504235,User,保密
User_71610738,User,男
User_21782054,User,男
User_399046705,User,保密
User_206183241,User,保密
User_100860186,User,男
User_879552,User,保密
User_5336366,User,保密
User_440665491,User,保密
User_112994205,User,保密
User_444442308,User,保密
User_14034733,User,男
User_204988303,User,男
User_94111806,User,保密
User_200545701,User,保密
User_9658938,User,保密
User_487303369,User,保密
User_379241001,User,男
User_417022135,User,男
User_13429040,User,男
User_348655987,User,男
User_1885329,User,女
User_1100082478,User,保密
User_155311924,User,男
User_17549511,User,保密
User_16942867,User,男
User_385160748,User,保密
User_484217825,User,保密
User_11555088,User,保密
User_476625119,User,保密
User_412644859,User,保密
User_1833723060,User,男
User_192657202,User,保密
User_402518189,User,女
User_487262141,User,男
User_109703030,User,男
User_489652498,User,男
User_481914409,User,保密
User_1722993,User,保密
User_494736529,User,男
User_39605824,User,女
User_269496314,User,保密
User_26216027,User,保密
User_502397,User,男
User_7359933,User,男
User_71410228,User,男
User_449871423,User,保密
User_638155365,User,男
User_451100518,User,保密
User_388629435,User,保密
User_2594074,User,女
User_12870650,User,保密
User_321785920,User,保密
User_512647436,User,保密
User_35459403,User,保密
User_56407864,User,保密
User_1866620,User,保密
User_7752177,User,男
User_334100712,User,男
User_290071643,User,男
User_357982076,User,保密
User_2663839,User,女
User_1348813218,User,女
User_296365597,User,保密
User_576440,User,男
User_399860861,User,保密
User_634334954,User,男
User_150321862,User,男
User_67994173,User,男
User_10883433,User,男
User_11776646,User,男
User_2416637,User,保密
User_250662589,User,男
User_268072528,User,男
User_16388383,User,男
User_77327974,User,保密
User_1024101431,User,保密
User_351385953,User,男
User_409866489,User,男
User_3511911,User,保密
User_10609130,User,男
User_44475670,User,男
User_177992677,User,男
User_115544842,User,男
User_10960210,User,男
User_385510713,User,男
User_388612201,User,男
User_526373537,User,保密
User_650942993,User,保密
User_19740273,User,男
User_386109655,User,保密
User_1900941191,User,男
User_284575514,User,男
User_2700315,User,男
User_12377943,User,男
User_212666730,User,男
User_389633829,User,男
User_505279709,User,保密
User_20129987,User,男
User_434749961,User,保密
User_198766932,User,保密
User_15674651,User,保密
User_35181,User,男
User_53566969,User,保密
User_10854828,User,男
User_272551497,User,保密
User_589878391,User,男
User_385429159,User,男
User_240737332,User,保密
User_2514889,User,保密
User_290272760,User,保密
User_1312417739,User,保密
User_20566797,User,男
User_386864780,User,男
User_499498500,User,保密
User_69817482,User,保密
User_383769795,User,保密
User_105505873,User,男
User_32906652,User,男
User_325135802,User,男
User_39523494,User,保密
User_209706946,User,保密
User_309939988,User,男
User_12306830,User,男
User_33986907,User,男
User_122450534,User,男
User_3493076121160140,User,女
User_400915705,User,男
User_5034678,User,保密
User_482787874,User,保密
User_33399184,User,男
User_21496156,User,保密
User_321694428,User,男
User_26013377,User,男
User_1812851789,User,保密
User_71349871,User,男
User_6472272,User,男
User_61244001,User,保密
User_87864045,User,保密
User_80991258,User,保密
User_24730332,User,男
User_1819053908,User,保密
User_1231106674,User,保密
User_163915420,User,保密
User_443574822,User,保密
User_7487729,User,男
User_383200742,User,男
User_309349821,User,男
User_546774545,User,男
User_10835811,User,男
User_237829208,User,男
User_381743348,User,男
User_513285256,User,保密
User_451531024,User,保密
User_39709342,User,保密
User_90268797,User,男
User_191230092,User,保密
User_284587213,User,男
User_29994543,User,保密
User_220198999,User,女
User_356904286,User,女
User_15111376,User,保密
User_1647626175,User,保密
User_350547156,User,女
User_1637899027,User,保密
User_49419992,User,男
User_23707167,User,保密
User_95456714,User,保密
User_346972517,User,保密
User_335370274,User,男
User_625275859,User,保密
User_14840233,User,男
User_6321864,User,保密
User_474221714,User,男
User_247996416,User,男
User_389205972,User,女
User_410072,User,保密
User_3048780,User,男
User_1780705827,User,男
User_10390150,User,男
User_619942479,User,女
User_285836242,User,保密
User_2157002,User,男
User_7113416,User,保密
User_281470692,User,男
User_18693345,User,保密
User_24919568,User,男
User_19926745,User,男
User_185798872,User,保密
User_44049644,User,保密
User_560351191,User,保密
User_1921086235,User,男
User_2015947984,User,男
User_16210732,User,保密
User_1568647942,User,保密
User_670322868,User,保密
User_401362365,User,男
User_396832094,User,保密
User_101300970,User,保密
User_584410180,User,保密
User_1470839658,User,男
User_1614247060,User,男
User_98507820,User,男
User_502581561,User,保密
User_627869784,User,保密
User_1396900664,User,保密
User_1872476502,User,保密
User_18273644,User,男
User_1731798958,User,保密
User_1765313336,User,男
User_1497541241,User,保密
User_347469027,User,男
User_305906367,User,男
User_455470629,User,保密
User_6982274,User,男
User_52673633,User,女
User_631357920,User,女
User_25222052,User,男
User_470390642,User,男
User_12445351,User,男
User_16410252,User,保密
User_611027917,User,男
User_485541088,User,保密
User_93687256,User,保密
User_550309993,User,男
User_14094808,User,保密
User_12118834,User,男
User_491514151,User,保密
User_2455912,User,保密
User_3494928,User,保密
User_526464222,User,保密
User_14850581,User,男
User_234317625,User,保密
User_3787165,User,男
User_420282455,User,保密
User_372338187,User,保密
User_337504513,User,男
User_13460624,User,保密
User_168574539,User,保密
User_1863877172,User,保密
User_95945989,User,男
User_25133037,User,保密
User_453009184,User,男
User_527176996,User,男
User_247324196,User,女
User_514944936,User,男
User_3766286,User,保密
User_515961906,User,保密
User_1764801438,User,男
User_1370265882,User,保密
User_455266106,User,保密
User_2139287252,User,保密
User_533210452,User,保密
User_558167,User,男
User_1272833106,User,保密
User_392320374,User,保密
User_2003581477,User,男
User_21971334,User,女
User_446932875,User,保密
User_266145732,User,保密
User_34340495,User,男
User_14124993,User,保密
User_3493083492649853,User,保密
User_1132670205,User,男
User_51166550,User,男
User_35454659,User,女
User_701770387,User,保密
User_338348183,User,保密
User_2818486,User,保密
User_398024730,User,保密
User_31969397,User,女
User_234434834,User,保密
User_45090489,User,保密
User_524166250,User,保密
User_699352562,User,保密
User_106398054,User,男
User_687098354,User,保密
User_8901865,User,女
User_519521206,User,女
User_346334243,User,男
User_248543654,User,男
User_127089783,User,保密
User_157374947,User,男
User_221642005,User,保密
User_31855530,User,保密
User_1792345248,User,保密
User_7644978,User,男
User_16594141,User,男
User_499245998,User,保密
User_383933314,User,保密
User_329882890,User,保密
User_12530024,User,男
User_490431631,User,保密
User_265285344,User,男
User_3437466,User,保密
User_33264768,User,男
User_33026781,User,男
User_103285523,User,保密
User_179810231,User,男
User_395479123,User,保密
User_280674457,User,男
User_407680537,User,保密
User_491830308,User,保密
User_435707651,User,保密
User_33718542,User,保密
User_11080857,User,男
User_398520988,User,男
User_62065338,User,男
User_275102317,User,保密
User_45250169,User,保密
User_361683136,User,保密
User_278166739,User,男
User_472504561,User,男
User_2806972,User,男
User_1860890178,User,保密
User_671110654,User,男
User_10983,User,保密
User_164814886,User,男
User_6177782,User,女
User_17554487,User,保密
User_9162038,User,保密
User_437488627,User,保密
User_14418562,User,保密
User_32851127,User,保密
User_33211590,User,保密
User_350335688,User,保密
User_95919102,User,男
User_229506433,User,保密
User_1322588,User,男
User_403755244,User,男
User_205981921,User,保密
User_14227920,User,保密
User_53149419,User,男
User_185525693,User,保密
User_429642041,User,保密
User_1644608860,User,保密
User_403588428,User,保密
User_20686781,User,男
User_68003275,User,保密
User_14054357,User,男
User_392853425,User,保密
User_1944523,User,男
User_33189486,User,男
User_525463232,User,男
User_1677222934,User,保密
User_28813610,User,男
User_47736651,User,男
User_177996305,User,男
User_508871253,User,女
User_178882094,User,男
User_196837133,User,保密
User_6334082,User,保密
User_403380422,User,女
User_6520917,User,保密
User_225536178,User,男
User_178156370,User,保密
User_14733395,User,男
User_21428997,User,男
User_368857577,User,保密
User_2594808,User,男
User_702400190,User,保密
User_44605536,User,保密
User_1495077437,User,保密
User_55254496,User,保密
User_288146169,User,男
User_342875586,User,保密
User_517816123,User,保密
User_78327240,User,男
User_17330258,User,保密
User_236164822,User,男
User_106511415,User,保密
User_39477606,User,男
User_349742570,User,男
User_1500377094,User,保密
User_323702504,User,女
User_1674664,User,男
User_339012344,User,保密
User_32907944,User,男
User_1494500,User,保密
User_8312419,User,男
User_10669431,User,男
User_305504887,User,男
User_424190661,User,保密
User_356729346,User,男
User_669863776,User,保密
User_353200665,User,保密
User_160540013,User,保密
User_15204769,User,保密
User_102264724,User,男
User_253241416,User,保密
User_594646644,User,保密
User_248885505,User,保密
User_3513134,User,男
User_1402042473,User,保密
User_520389508,User,保密
User_429407663,User,保密
User_440982680,User,男
User_260636662,User,保密
User_471938451,User,保密
User_495395560,User,保密
User_85467479,User,保密
User_400218662,User,保密
User_35044119,User,保密
User_32280659,User,男
User_46015157,User,保密
User_390304346,User,男
User_258903641,User,男
User_49725057,User,男
User_1785513100,User,男
User_417105472,User,保密
User_12391148,User,保密
User_2329210,User,保密
User_1934886609,User,女
User_20117423,User,男
User_400102201,User,男
User_156702892,User,保密
User_94032252,User,保密
User_1348589435,User,男
User_325969771,User,保密
User_140279151,User,保密
User_169867570,User,保密
User_14150620,User,保密
User_381259154,User,保密
User_162247331,User,保密
User_12865832,User,男
User_674625548,User,女
User_390492680,User,男
User_498846885,User,女
User_435441302,User,男
User_91372761,User,保密
User_5594077,User,男
User_29153684,User,男
User_129453093,User,男
User_40969280,User,保密
User_454907521,User,保密
User_361794205,User,男
User_590839267,User,男
User_23176391,User,男
User_9579692,User,保密
User_484578990,User,保密
User_1694856816,User,保密
User_382514094,User,男
User_76529408,User,保密
User_51888023,User,男
User_1058843846,User,保密
User_51553469,User,保密
User_592672950,User,保密
User_54220189,User,保密
User_394906655,User,保密
User_1945708490,User,保密
User_248973872,User,保密
User_314205596,User,保密
User_173597603,User,保密
User_689324447,User,女
User_3123367,User,男
User_3368411,User,男
User_65092083,User,女
User_13486932,User,男
User_20047092,User,保密
User_324045918,User,男
User_25497950,User,男
User_35312763,User,男
User_339048085,User,女
User_30745378,User,男
User_1669885998,User,保密
User_13123266,User,女
User_11041356,User,男
User_40262783,User,保密
User_10996210,User,保密
User_414322,User,男
User_363703579,User,男
User_1495185990,User,保密
User_99236738,User,保密
User_43322790,User,男
User_327325984,User,男
User_324858465,User,保密
User_4966807,User,保密
User_1185764218,User,女
User_436819922,User,保密
User_22538000,User,保密
User_220298193,User,男
User_1321824321,User,保密
User_3461572307454522,User,女
User_523429064,User,保密
User_434399714,User,保密
User_2001655138,User,保密
User_43238541,User,保密
User_51290924,User,保密
User_1871914588,User,保密
User_12696498,User,保密
User_35370564,User,男
User_1988174990,User,保密
User_526983152,User,保密
User_642369242,User,保密
User_13690031,User,保密
User_8078891,User,保密
User_123454197,User,保密
User_691463306,User,保密
User_351767023,User,男
User_452091635,User,保密
User_8797445,User,男
User_2035393681,User,保密
User_1876128026,User,保密
User_298588932,User,保密
User_510939587,User,保密
User_414832516,User,男
User_692502823,User,保密
User_272013144,User,保密
User_8734930,User,保密
User_2601982,User,保密
User_3537117590325288,User,保密
User_94800183,User,男
User_1798514109,User,保密
User_351029600,User,男
User_490075128,User,保密
User_242007135,User,男
User_24505122,User,男
User_15551135,User,男
User_36459506,User,保密
User_1221759425,User,保密
User_31626770,User,保密
User_546724002,User,保密
User_31554823,User,保密
User_30592613,User,保密
User_38471276,User,男
User_1832473891,User,保密
User_1246126917,User,保密
User_94755440,User,男
User_22051353,User,保密
User_211212569,User,保密
User_223260398,User,保密
User_237775982,User,男
User_1163649543,User,女
User_352356071,User,保密
User_8989535,User,保密
User_393764909,User,男
User_1547685286,User,保密
User_86814139,User,保密
User_383428722,User,男
User_323390180,User,保密
User_424775789,User,保密
User_770720,User,男
User_196790608,User,男
User_282896914,User,保密
User_22342483,User,保密
User_416520788,User,男
User_66904745,User,保密
User_1759580,User,保密
User_1948652976,User,保密
User_442307076,User,保密
User_5633200,User,男
User_445464534,User,保密
User_370207455,User,保密
User_3493075431197442,User,男
User_7310570,User,保密
User_85357443,User,保密
User_1207695442,User,保密
User_172752801,User,保密
User_269707,User,保密
User_14371833,User,保密
User_1678131819,User,男
User_13198195,User,男
User_1649756830,User,保密
User_13796623,User,保密
User_3808227,User,男
User_81133607,User,男
User_190664706,User,男
User_1338545,User,保密
User_19464056,User,保密
User_6971266,User,男
User_1841973300,User,保密
User_472965988,User,女
User_1472761831,User,保密
User_93007141,User,男
User_79338406,User,保密
User_222232226,User,男
User_350834605,User,保密
User_510936880,User,保密
User_1316422223,User,保密
User_5685069,User,男
User_22517816,User,保密
User_1727485224,User,保密
User_1382589496,User,保密
User_95905479,User,男
User_422698804,User,保密
User_1600436702,User,保密
User_343045553,User,保密
User_480538095,User,保密
User_35363986,User,女
User_17428949,User,男
User_521578087,User,男
User_1668319457,User,女
User_163826221,User,保密
User_1485946355,User,保密
User_294632621,User,保密
User_81684433,User,男
User_260298116,User,男
User_10428680,User,保密
User_202013779,User,男
User_7812208,User,男
User_137555479,User,男
User_512340496,User,女
User_83014037,User,男
User_1790741019,User,保密
User_179703372,User,保密
User_3244756,User,男
User_1497017037,User,保密
User_22084856,User,男
User_1958222589,User,男
User_17795249,User,保密
User_42795097,User,保密
User_50982072,User,男
User_445038153,User,保密
User_401625500,User,保密
User_20814815,User,男
User_429830955,User,保密
User_210412535,User,保密
User_328977941,User,男
User_29111023,User,男
User_33374749,User,保密
User_702252629,User,保密
User_26532078,User,男
User_41928484,User,男
User_107747340,User,男
User_538474707,User,男
User_20255051,User,保密
User_170909461,User,保密
User_1731390842,User,女
User_490991064,User,保密
User_2146091924,User,保密
User_1252913384,User,保密
User_1418906136,User,保密
User_11588658,User,男
User_1100907906,User,男
User_32840826,User,男
User_395985925,User,保密
User_204808339,User,男
User_412923752,User,男
User_1747085757,User,保密
User_598724165,User,男
User_450775526,User,保密
User_51691076,User,保密
User_14989385,User,保密
User_385315391,User,保密
User_691431595,User,保密
User_34839824,User,保密
User_264438,User,男
User_205114,User,保密
User_1582346816,User,男
User_406033797,User,女
User_2061126180,User,保密
User_143436556,User,保密
User_281244125,User,男
User_9391512,User,保密
User_360319476,User,男
User_54850479,User,男
User_295330596,User,男
User_496973,User,保密
User_481307491,User,男
User_489221367,User,保密
User_455603025,User,男
User_1524746064,User,保密
User_6853411,User,保密
User_501378809,User,保密
User_437811261,User,保密
User_801286,User,保密
User_457980187,User,保密
User_359395793,User,保密
User_143759002,User,保密
User_314348687,User,保密
User_222630465,User,保密
User_10232422,User,男
User_206062264,User,保密
User_302643703,User,保密
User_456507584,User,保密
User_130569220,User,男
User_553603351,User,男
User_1090470981,User,保密
User_19119986,User,男
User_176336617,User,女
User_620295521,User,保密
User_29236602,User,保密
User_9468946,User,男
User_2163969,User,保密
User_621532033,User,男
User_385187751,User,保密
User_10366735,User,保密
User_1992169568,User,男
User_34413931,User,保密
User_4699300,User,男
User_284247894,User,女
User_172948255,User,男
User_259532336,User,男
User_430797559,User,女
User_402152589,User,男
User_20542091,User,男
User_512193271,User,保密
User_96203724,User,男
User_574368068,User,保密
User_23175743,User,保密
User_362855391,User,保密
User_1635050595,User,保密
User_4322111,User,男
User_269625086,User,保密
User_372098635,User,男
User_13976541,User,男
User_394044577,User,女
User_303731506,User,保密
User_444198035,User,保密
User_10566380,User,男
User_247168636,User,男
User_19663599,User,保密
User_1149537324,User,保密
User_430451202,User,男
User_2215323,User,保密
User_324224483,User,女
User_76355039,User,保密
User_630868176,User,保密
User_18242972,User,男
User_34234748,User,保密
User_341331188,User,保密
User_274578496,User,保密
User_237204449,User,男
User_249104889,User,保密
User_1600486941,User,保密
User_2097188476,User,保密
User_19407453,User,保密
User_382358986,User,男
User_396966036,User,男
User_668642202,User,保密
User_365470698,User,男
User_311385352,User,男
User_470930106,User,保密
User_289400108,User,保密
User_27222866,User,男
User_204118949,User,男
User_241162552,User,男
User_394272004,User,保密
User_26286080,User,男
User_455890626,User,保密
User_1161600776,User,保密
User_124128014,User,男
User_170961800,User,保密
User_291383806,User,保密
User_317044329,User,男
User_330095789,User,男
User_108099802,User,保密
User_482047897,User,保密
User_7618848,User,男
User_8112960,User,保密
User_691040774,User,男
User_22616732,User,男
User_505051420,User,保密
User_63952190,User,男
User_2037327313,User,保密
User_26022166,User,保密
User_178985746,User,保密
User_35223386,User,保密
User_51401478,User,男
User_55380,User,保密
User_2051678685,User,保密
User_24929314,User,保密
User_4758780,User,女
User_691649538,User,男
User_206857142,User,男
User_485300309,User,男
User_446174600,User,保密
User_838008,User,男
User_176031265,User,保密
User_287534856,User,保密
User_603030707,User,保密
User_1718777,User,保密
User_2613669,User,男
User_148854100,User,保密
User_432090623,User,保密
User_167651433,User,保密
User_84495124,User,男
User_12655606,User,保密
User_356648314,User,保密
User_318855938,User,保密
User_19044246,User,男
User_25954007,User,保密
User_544161893,User,男
User_350062911,User,男
User_702468341,User,保密
User_34636476,User,保密
User_102763026,User,男
User_195127212,User,男
User_33217981,User,男
User_507354023,User,男
User_257885368,User,保密
User_28006835,User,男
User_130336792,User,男
User_39332705,User,男
User_505831024,User,保密
User_1829881940,User,保密
User_382761875,User,保密
User_37321736,User,保密
User_373075559,User,保密
User_103503118,User,男
User_455471797,User,保密
User_576277414,User,保密
User_6176460,User,保密
User_14303718,User,男
User_357667742,User,保密
User_122440915,User,保密
User_3493075884182354,User,保密
User_628710726,User,男
User_58623539,User,保密
User_197666291,User,男
User_642602133,User,男
User_1329801234,User,保密
User_439054500,User,保密
User_360765480,User,保密
User_1907393115,User,保密
User_431243151,User,男
User_1599992,User,保密
User_296545690,User,男
User_350309535,User,保密
User_3969014,User,男
User_91713041,User,男
User_38892542,User,男
User_401006867,User,男
User_470698330,User,男
User_502141,User,保密
User_449130692,User,男
User_356222222,User,保密
User_28975991,User,保密
User_152605976,User,保密
User_232534483,User,保密
User_12843851,User,男
User_628808043,User,保密
User_4296446,User,男
User_108453333,User,男
User_384635423,User,女
User_43597808,User,保密
User_1355657964,User,男
User_432692252,User,保密
User_1059303676,User,保密
User_1180574531,User,保密
User_96145167,User,保密
User_16876711,User,保密
User_293860020,User,保密
User_24417340,User,男
User_434773899,User,保密
User_346651806,User,保密
User_266594013,User,男
User_776876,User,保密
User_79845844,User,男
User_33991519,User,保密
User_646379459,User,保密
User_1115565122,User,保密
User_407185167,User,保密
User_11635920,User,保密
User_3461580578621687,User,男
User_321413294,User,男
User_662675071,User,保密
User_497654407,User,保密
User_13907205,User,男
User_473001481,User,男
User_340202155,User,保密
User_419489014,User,男
User_1309025709,User,保密
User_85692926,User,保密
User_23293481,User,保密
User_473564458,User,保密
User_415199872,User,保密
User_414501087,User,男
User_506622399,User,女
User_436842179,User,保密
User_29067740,User,保密
User_3461572974348630,User,保密
User_501649,User,保密
User_383659620,User,保密
User_269397371,User,男
User_374243007,User,男
User_532730420,User,保密
User_515124997,User,保密
User_325174272,User,保密
User_175406091,User,保密
User_304066129,User,男
User_1258766250,User,保密
User_519498475,User,保密
User_327699834,User,保密
User_34934067,User,保密
User_37044730,User,保密
User_183896083,User,男
User_384908288,User,保密
User_326877379,User,保密
User_20036484,User,保密
User_14158946,User,保密
User_395854073,User,男
User_294002312,User,保密
User_209019854,User,男
User_11747842,User,男
User_220973696,User,男
User_18671593,User,男
User_195814637,User,保密
User_312833,User,保密
User_82141422,User,保密
User_1113100,User,保密
User_490983,User,保密
User_1471305688,User,保密
User_34880684,User,保密
User_486174892,User,男
User_23230751,User,男
User_2115865188,User,女
User_37655831,User,保密
User_386416424,User,男
User_225979495,User,保密
User_474953055,User,保密
User_21644012,User,女
User_479647819,User,保密
User_62877097,User,女
User_10021130,User,保密
User_412733863,User,保密
User_40105403,User,男
User_10947165,User,男
User_85599119,User,保密
User_197512723,User,保密
User_38965798,User,男
User_343376724,User,保密
User_1973090560,User,男
User_416535604,User,保密
User_1120028848,User,男
User_1825733169,User,保密
User_475167915,User,保密
User_7839203,User,男
User_497876225,User,保密
User_102510365,User,女
User_412925859,User,保密
User_197718520,User,保密
User_1925620245,User,保密
User_385281282,User,男
User_54071724,User,保密
User_361465645,User,保密
User_388604979,User,保密
User_129441125,User,男
User_295756683,User,保密
User_402204428,User,保密
User_444029914,User,保密
User_11057914,User,男
User_87157236,User,保密
User_381673620,User,保密
User_475325886,User,保密
User_668396318,User,男
User_388786052,User,保密
User_1595714925,User,保密
User_155683,User,男
User_484843007,User,保密
User_477508441,User,男
User_283480653,User,保密
User_131342864,User,男
User_233216801,User,保密
User_159064841,User,男
User_472503992,User,保密
User_76587623,User,男
User_349140572,User,保密
User_137277150,User,男
User_1064273175,User,保密
User_164775608,User,保密
User_483720311,User,保密
User_478850675,User,男
User_1960660694,User,保密
User_401270757,User,男
User_23323767,User,保密
User_7921991,User,男
User_1499431645,User,男
User_75817,User,保密
User_1648363317,User,保密
User_84865384,User,保密
User_1543716792,User,保密
User_668456903,User,保密
User_157031453,User,保密
User_434057065,User,保密
User_1338991872,User,保密
User_15723698,User,男
User_453568195,User,保密
User_392024136,User,男
User_3493081169005311,User,女
User_627113767,User,保密
User_356502669,User,保密
User_270761787,User,男
User_531022168,User,男
User_5634564,User,男
User_384826231,User,保密
User_16791457,User,保密
User_5490964,User,男
User_397755600,User,男
User_73746520,User,男
User_8120878,User,男
User_265752415,User,保密
User_520046617,User,保密
User_264584053,User,保密
User_314125538,User,保密
User_70921956,User,男
User_8178337,User,男
User_1056997306,User,保密
User_1277625167,User,保密
User_1964338312,User,保密
User_26207740,User,男
User_3493085306685749,User,保密
User_262592724,User,男
User_87991096,User,男
User_101786587,User,男
User_1766709477,User,男
User_8712812,User,男
User_8564093,User,男
User_316168131,User,男
User_1689227284,User,保密
User_8955733,User,保密
User_34620682,User,男
User_27224281,User,男
User_488966810,User,保密
User_1768769,User,男
User_170902890,User,男
User_170902327,User,男
User_30533135,User,男
User_243453983,User,男
User_126118,User,保密
User_3493087726799231,User,女
User_1441605173,User,保密
User_3461564592032433,User,保密
User_34017908,User,保密
User_1695761645,User,保密
User_645659643,User,保密
User_425530850,User,保密
User_83549649,User,男
User_508679850,User,保密
User_47371586,User,男
User_1908437508,User,保密
User_3013029,User,保密
User_12952662,User,保密
User_538572842,User,保密
User_47544897,User,男
User_81023778,User,保密
User_281088050,User,男
User_660167389,User,保密
User_256259900,User,保密
User_412991468,User,保密
User_1834955851,User,保密
User_40112236,User,男
User_1150924029,User,保密
User_353040398,User,保密
User_499095252,User,保密
User_1949047361,User,保密
User_1397396380,User,保密
User_498254404,User,保密
User_3493083285031231,User,保密
User_66766794,User,保密
User_388463601,User,保密
User_1746981055,User,男
User_416554761,User,保密
User_28441418,User,男
User_210157705,User,男
User_232653,User,男
User_8773506,User,保密
User_288388527,User,保密
User_672746999,User,女
User_415365503,User,女
User_305233395,User,保密
User_346072165,User,女
User_1489479671,User,保密
User_1799930,User,男
User_440578973,User,保密
User_7262554,User,保密
User_667594920,User,保密
User_311060422,User,保密
User_418347756,User,保密
User_600045989,User,保密
User_53543902,User,保密
User_426375185,User,女
User_486434472,User,保密
User_4016245,User,男
User_381306279,User,男
User_291115571,User,保密
User_1500802572,User,保密
User_1634375074,User,男
User_288502495,User,男
User_607484037,User,保密
User_470691008,User,男
User_364450588,User,男
User_495080792,User,保密
User_1116456528,User,保密
User_230831600,User,保密
User_7750515,User,保密
User_3485195,User,男
User_485223822,User,男
User_396489298,User,男
User_1237942161,User,男
User_6321557,User,男
User_1895599648,User,保密
User_362008457,User,保密
User_275634801,User,保密
User_1490775049,User,男
User_47294304,User,女
User_557143078,User,保密
User_382477129,User,男
User_103377215,User,保密
User_388427293,User,男
User_1680901398,User,保密
User_330490832,User,男
User_7076611,User,保密
User_617776,User,保密
User_485057264,User,保密
User_46506186,User,男
User_649955955,User,保密
User_96414317,User,男
User_696065269,User,保密
User_26331143,User,保密
User_455768574,User,保密
User_488362741,User,保密
User_38061405,User,男
User_295717403,User,保密
User_562510810,User,保密
User_2879894,User,保密
User_37540741,User,女
User_284832000,User,保密
User_441677094,User,保密
User_95690058,User,保密
User_2878889,User,保密
User_98612779,User,男
User_26203110,User,男
User_33973670,User,保密
User_8641844,User,男
User_16278144,User,保密
User_294008335,User,女
User_287017817,User,男
User_31347238,User,男
User_9380956,User,男
User_9119192,User,保密
User_480165553,User,男
User_283088546,User,男
User_15728349,User,保密
User_8788404,User,女
User_16060725,User,男
User_671029619,User,保密
User_1498204777,User,保密
User_37642700,User,保密
User_8241014,User,保密
User_106798803,User,保密
User_31064087,User,男
User_544424876,User,保密
User_18105837,User,男
User_62189593,User,保密
User_170898840,User,女
User_245919301,User,男
User_1959279480,User,保密
User_12129226,User,男
User_52915707,User,男
User_10399089,User,男
User_1141159409,User,保密
User_294408346,User,保密
User_442707587,User,男
User_16807633,User,保密
User_439598355,User,保密
User_77875009,User,保密
User_30910552,User,男
User_2048031470,User,保密
User_663451940,User,保密
User_14362116,User,男
User_50071484,User,保密
User_456157362,User,保密
User_101202275,User,保密
User_68977553,User,女
User_282435996,User,保密
User_206793579,User,男
User_505127001,User,保密
User_1475025910,User,保密
User_2109121439,User,保密
User_420711310,User,男
User_23161868,User,保密
User_319362322,User,保密
User_431354006,User,男
User_436818031,User,男
User_410780317,User,保密
User_1824143221,User,保密
User_9197602,User,男
User_1389871010,User,保密
User_189650741,User,男
User_353036966,User,男
User_2887811,User,保密
User_395850183,User,保密
User_44987754,User,男
User_329400457,User,保密
User_36181461,User,男
User_7470005,User,男
User_19804904,User,保密
User_200406381,User,女
User_138688416,User,保密
User_3458241,User,男
User_26526656,User,保密
User_50832993,User,保密
User_424298183,User,男
User_9347084,User,保密
User_15555648,User,男
User_399946892,User,保密
User_54158885,User,男
User_13652803,User,男
User_105293585,User,女
User_169239438,User,男
User_514009997,User,保密
User_1488701331,User,保密
User_183297795,User,男
User_7240948,User,男
User_477138542,User,保密
User_2068028379,User,保密
User_4759992,User,男
User_9187477,User,男
User_628566218,User,保密
User_509793808,User,保密
User_1523670,User,保密
User_30953565,User,保密
User_927436,User,男
User_434805253,User,男
User_34975659,User,保密
User_284194539,User,保密
User_87987577,User,保密
User_19904485,User,男
User_453977901,User,男
User_352616519,User,保密
User_480990699,User,保密
User_24782737,User,保密
User_905440,User,男
User_421029894,User,男
User_295346025,User,男
User_4546580,User,保密
User_43380902,User,男
User_272908356,User,保密
User_20697594,User,保密
User_935824,User,男
User_74022400,User,保密
User_298532695,User,男
User_8762123,User,男
User_11127909,User,保密
User_1871892536,User,男
User_77336810,User,男
User_1378320,User,男
User_487503230,User,女
User_1341797762,User,男
User_23148502,User,保密
User_22289950,User,保密
User_1927808022,User,保密
User_281083415,User,保密
User_308898552,User,男
User_20889962,User,男
User_7372287,User,保密
User_475663229,User,保密
User_39067326,User,女
User_1089482915,User,男
User_327374105,User,保密
User_627421244,User,男
User_344786796,User,保密
User_1914366216,User,男
User_4613476,User,男
User_250176463,User,保密
User_145334863,User,女
User_340534039,User,保密
User_443061670,User,保密
User_29199638,User,男
User_62465691,User,男
User_73787742,User,保密
User_291122057,User,保密
User_210432298,User,保密
User_114505752,User,男
User_559988104,User,女
User_361431642,User,保密
User_1827798273,User,保密
User_317753526,User,保密
User_301339739,User,保密
User_531567513,User,男
User_1601787127,User,保密
User_15728782,User,男
User_3493082936903850,User,保密
User_1513892420,User,男
User_915692,User,男
User_36644747,User,男
User_1618497573,User,保密
User_84741640,User,男
User_77894129,User,男
User_456719719,User,男
User_12167498,User,保密
User_439244743,User,男
User_24545424,User,保密
User_22777689,User,男
User_490085742,User,男
User_12399216,User,保密
User_76556406,User,保密
User_112804851,User,保密
User_30861621,User,男
User_358324681,User,保密
User_26689755,User,男
User_1094474104,User,保密
User_628950169,User,男
User_18564042,User,男
User_272018476,User,保密
User_304591,User,保密
User_301885422,User,男
User_36107748,User,男
User_8893764,User,男
User_149612131,User,女
User_395872355,User,女
User_1063468676,User,女
User_297573660,User,男
User_362464883,User,女
User_40040777,User,保密
User_20629570,User,男
User_420341247,User,保密
User_234554767,User,保密
User_414916222,User,保密
User_52913792,User,保密
User_251869717,User,保密
User_475774687,User,女
User_1985987,User,保密
User_493630583,User,男
User_242037888,User,保密
User_28211387,User,男
User_393124630,User,保密
User_2184954,User,保密
User_23001508,User,保密
User_34300758,User,保密
User_1031120685,User,男
User_35481038,User,保密
User_523499417,User,男
User_3494380329503464,User,保密
User_54178268,User,保密
User_435731580,User,保密
User_19920521,User,保密
User_409962134,User,保密
User_374732370,User,男
User_308928649,User,保密
User_546508160,User,男
User_23326064,User,男
User_305391973,User,保密
User_26535483,User,女
User_32047230,User,男
User_294053942,User,男
User_18656145,User,保密
User_366908317,User,保密
User_341601693,User,女
User_40367313,User,男
User_1187382055,User,保密
User_21659312,User,保密
User_329242954,User,保密
User_25545149,User,男
User_288163812,User,女
User_252927156,User,保密
User_20845420,User,保密
User_3494359253126108,User,男
User_104375726,User,保密
User_296794118,User,保密
User_407180358,User,男
User_78329812,User,男
User_262509464,User,保密
User_12652217,User,男
User_40547069,User,保密
User_435072714,User,男
User_311867136,User,保密
User_3493292916345345,User,保密
User_382665974,User,男
User_15591049,User,男
User_166248590,User,保密
User_12071177,User,男
User_22439659,User,保密
User_345350025,User,保密
User_702801738,User,保密
User_6495038,User,保密
User_321667885,User,保密
User_1821022112,User,保密
User_307518939,User,保密
User_335888660,User,保密
User_35506656,User,男
User_279332185,User,保密
User_691410105,User,男
User_2919248,User,保密
User_110077491,User,男
User_2090580198,User,保密
User_436130853,User,男
User_472024182,User,男
User_405595588,User,保密
User_1731153363,User,女
User_196120174,User,保密
User_1841215006,User,男
User_66954677,User,男
User_34690084,User,男
User_457470417,User,保密
User_341535049,User,女
User_180275498,User,保密
User_350076370,User,男
User_3493076767082496,User,男
User_3493077217970423,User,保密
User_400143306,User,保密
User_74117252,User,保密
User_296860340,User,男
User_101649389,User,男
User_351871344,User,保密
User_386463410,User,保密
User_85497609,User,女
User_282977675,User,男
User_161865079,User,男
User_14760130,User,男
User_442658476,User,保密
User_65477136,User,男
User_191360988,User,保密
User_480749289,User,保密
User_523787207,User,保密
User_80089528,User,保密
User_479857359,User,保密
User_381958744,User,男
User_21219349,User,男
User_673574480,User,保密
User_589128273,User,保密
User_2096629667,User,女
User_2838240,User,男
User_72345508,User,保密
User_11633938,User,保密
User_491086593,User,保密
User_3290501,User,男
User_374637191,User,男
User_516109327,User,男
User_510349980,User,男
User_25325034,User,男
User_319969751,User,男
User_44419584,User,男
User_486795461,User,保密
User_30933994,User,保密
User_286493257,User,女
User_101801394,User,男
User_44531807,User,保密
User_21589746,User,男
User_12839120,User,男
User_1733891,User,男
User_3493133207734784,User,保密
User_106778578,User,保密
User_14954116,User,男
User_39821931,User,保密
User_384983021,User,保密
User_319277640,User,男
User_42304182,User,男
User_36445881,User,男
User_405489564,User,男
User_11623365,User,男
User_330821393,User,男
User_287559,User,保密
User_7058367,User,保密
User_515954579,User,保密
User_521861315,User,男
User_11239809,User,男
User_64717055,User,男
User_3896585,User,男
User_6347801,User,保密
User_33240848,User,男
User_427431332,User,保密
User_490947702,User,保密
User_6498123,User,保密
User_499894286,User,保密
User_382714729,User,女
User_14010939,User,保密
User_12696888,User,女
User_836946,User,保密
User_192175585,User,保密
User_66073693,User,保密
User_240331155,User,男
User_315293742,User,保密
User_87547811,User,男
User_604593311,User,保密
User_383103290,User,男
User_693796374,User,保密
User_13692347,User,保密
User_304112190,User,保密
User_50257980,User,男
User_23648540,User,男
User_363676085,User,保密
User_515909185,User,保密
User_8345183,User,保密
User_357277269,User,保密
User_425699596,User,保密
User_40170810,User,保密
User_14388457,User,保密
User_30727416,User,男
User_260099046,User,保密
User_307472898,User,保密
User_44136523,User,保密
User_1484994370,User,男
User_13164156,User,男
User_389143594,User,保密
User_381987658,User,保密
User_443254134,User,男
User_1860875624,User,男
User_405548963,User,保密
User_67242682,User,保密
User_101680977,User,保密
User_27827360,User,保密
User_109158910,User,男
User_693216051,User,保密
User_53758997,User,保密
User_35551464,User,保密
User_2440503,User,保密
User_588839367,User,保密
User_437349028,User,男
User_67954403,User,保密
User_2380971,User,保密
User_13983326,User,男
User_12772979,User,保密
User_380508920,User,保密
User_23547222,User,男
User_9736717,User,保密
User_440717919,User,保密
User_172157842,User,男
User_25901694,User,男
User_1557369,User,男
User_3461581467813936,User,女
User_35147231,User,女
User_484508340,User,保密
User_77421609,User,保密
User_107763707,User,男
User_2127706855,User,保密
User_44327534,User,男
User_480513303,User,男
User_396856356,User,男
User_221002968,User,男
User_325682184,User,保密
User_1962760,User,保密
User_1696330065,User,男
User_216913782,User,男
User_505236132,User,保密
User_18418389,User,男
User_405883066,User,保密
User_329525123,User,保密
User_397261391,User,男
User_27040893,User,保密
User_66631048,User,男
User_32875567,User,女
User_439088293,User,保密
User_17498114,User,保密
User_1326747806,User,保密
User_150122,User,保密
User_1817002,User,男
User_381583010,User,男
User_2591275,User,保密
User_341143874,User,男
User_6583035,User,男
User_301718368,User,男
User_399763930,User,男
User_504882479,User,保密
User_44901987,User,男
User_82389561,User,男
User_3721745,User,男
User_13015226,User,男
User_33251222,User,女
User_121366243,User,保密
User_6703028,User,女
User_352080997,User,男
User_10895685,User,女
User_194583953,User,保密
User_255462498,User,女
User_287957279,User,保密
User_331510049,User,保密
User_1648844331,User,保密
User_288514452,User,保密
User_645894695,User,保密
User_272810347,User,男
User_408654706,User,保密
User_470728969,User,保密
User_487607740,User,男
User_14723868,User,保密
User_259483011,User,男
User_695935417,User,保密
User_10809172,User,保密
User_96921905,User,男
User_131668817,User,男
User_88237551,User,男
User_632508207,User,保密
User_518658686,User,男
User_13275036,User,男
User_95302910,User,女
User_39887356,User,女
User_260308884,User,保密
User_91406970,User,男
User_476678127,User,男
User_298633559,User,男
User_499029512,User,男
User_456931048,User,男
User_5128291,User,女
User_85247540,User,男
User_629750097,User,保密
User_13126890,User,女
User_11890033,User,男
User_1191128679,User,女
User_392881780,User,保密
User_1198345387,User,保密
User_414111026,User,男
User_44749863,User,女
User_130092335,User,保密
User_455374814,User,男
User_3493262620887436,User,保密
User_6363349,User,男
User_122419305,User,男
User_343304675,User,男
User_50078846,User,男
User_109165637,User,男
User_29023125,User,男
User_21348209,User,保密
User_339779167,User,男
User_225646837,User,男
User_67646622,User,男
User_313783333,User,男
User_377944703,User,保密
User_39982864,User,保密
User_57747275,User,男
User_11328151,User,保密
User_68508373,User,男
User_491927117,User,男
User_27009458,User,男
User_430373868,User,保密
User_10545512,User,男
User_8209313,User,保密
User_2075333277,User,女
User_164744567,User,男
User_64232676,User,男
User_1189610867,User,保密
User_215299896,User,男
User_8821115,User,男
User_8217030,User,保密
User_457804985,User,女
User_2494370,User,男
User_470041034,User,保密
User_1620886729,User,保密
User_4537998,User,男
User_33181470,User,男
User_26879853,User,男
User_650957873,User,保密
User_395846153,User,保密
User_358446572,User,保密
User_26730011,User,男
User_361446474,User,保密
User_624606428,User,保密
User_1838273,User,保密
User_435813459,User,保密
User_36976149,User,保密
User_3493296020130479,User,男
User_16052929,User,保密
User_13727204,User,男
User_391681856,User,保密
User_350516768,User,保密
User_621135169,User,保密
User_3493263415707752,User,保密
User_13829312,User,保密
User_1874699902,User,保密
User_563241658,User,保密
User_33382874,User,保密
User_5320613,User,保密
User_600287586,User,保密
User_1093411327,User,保密
User_696317458,User,保密
User_179307475,User,男
User_6340322,User,男
User_34133008,User,男
User_88380715,User,男
User_5785712,User,男
User_238398505,User,保密
User_32716629,User,女
User_675949822,User,保密
User_624413806,User,保密
User_382333488,User,男
User_297623453,User,男
User_497587189,User,保密
User_274979089,User,女
User_5828972,User,男
User_65885229,User,男
User_136968449,User,男
User_350682806,User,保密
User_204402467,User,保密
User_2101736469,User,保密
User_24681812,User,保密
User_83961882,User,女
User_516500423,User,保密
User_351202992,User,男
User_14809405,User,男
User_1425904975,User,保密
User_79536744,User,男
User_8827071,User,女
User_20040566,User,男
User_41879590,User,男
User_6252578,User,女
User_7786504,User,保密
User_33040704,User,保密
User_386494011,User,男
User_470212451,User,保密
User_416007209,User,保密
User_1726543,User,保密
User_1724388911,User,保密
User_28771167,User,男
User_1544161888,User,男
User_97462288,User,保密
User_88188437,User,保密
User_182925,User,保密
User_303760801,User,女
User_330496708,User,保密
User_440670612,User,男
User_3493293855869141,User,保密
User_74496128,User,保密
User_128755230,User,男
User_403485435,User,男
User_109062798,User,男
User_2365753,User,男
User_527068853,User,男
User_1184216390,User,保密
User_514039210,User,保密
User_1230402281,User,保密
User_1661483901,User,保密
User_493341283,User,保密
User_3493282248132840,User,保密
User_5006349,User,男
User_411471407,User,保密
User_33950340,User,男
User_8131781,User,男
User_18996742,User,男
User_1518677798,User,保密
User_295049126,User,保密
User_260650275,User,保密
User_401092635,User,男
User_19571240,User,保密
User_431534249,User,保密
User_696010722,User,保密
User_472045925,User,男
User_369547,User,男
User_108122561,User,保密
User_1556278,User,男
User_277021487,User,女
User_182783000,User,男
User_416546300,User,保密
User_416205093,User,男
User_1988606605,User,保密
User_156548121,User,女
User_82401165,User,男
User_303498380,User,保密
User_281773743,User,保密
User_36553335,User,保密
User_19006047,User,女
User_38470850,User,男
User_8327677,User,男
User_351086373,User,男
User_35768618,User,男
User_3494356642171310,User,保密
User_527661746,User,保密
User_74402446,User,男
User_3546383940323947,User,保密
User_377546949,User,保密
User_631709630,User,男
User_277419178,User,男
User_290558054,User,保密
User_359217672,User,保密
User_37661975,User,保密
User_27810797,User,保密
User_409556357,User,保密
User_402481184,User,男
User_25128046,User,男
User_397326128,User,保密
User_13997995,User,保密
User_35700433,User,女
User_120325616,User,男
User_358824855,User,男
User_89623537,User,保密
User_47845,User,保密
User_1181896626,User,保密
User_1208331673,User,保密
User_10829997,User,男
User_36582093,User,男
User_443118150,User,女
User_303744960,User,男
User_391600938,User,保密
User_4758937,User,男
User_36214054,User,保密
User_1216363700,User,保密
User_97685087,User,保密
User_113234574,User,保密
User_1880431700,User,男
User_1237168998,User,保密
User_35277923,User,保密
User_475211928,User,女
User_456732505,User,男
User_4128304,User,男
User_99313255,User,保密
User_3245343,User,男
User_385354596,User,男
User_373231856,User,保密
User_244258893,User,男
User_23393065,User,保密
User_378984433,User,男
User_426170834,User,男
User_25079665,User,男
User_366287575,User,保密
User_103574746,User,男
User_1092678228,User,男
User_265986303,User,男
User_311784138,User,保密
User_21655295,User,保密
User_353815876,User,保密
User_274217988,User,男
User_18056561,User,保密
User_287198230,User,保密
User_629486666,User,男
User_593703280,User,保密
User_413167586,User,保密
User_10206324,User,男
User_1193211214,User,保密
User_2132620066,User,保密
User_346189987,User,男
User_242527407,User,保密
User_27138111,User,男
User_13745603,User,男
User_646690441,User,保密
User_2272044,User,保密
User_171307960,User,男
User_6869612,User,男
User_29214768,User,男
User_205556374,User,男
User_2038972,User,女
User_1062397529,User,保密
User_173716269,User,保密
User_11727324,User,男
User_26398161,User,男
User_20594002,User,男
User_503059574,User,保密
User_13552,User,男
User_416774210,User,保密
User_362226754,User,保密
User_23654890,User,女
User_56530567,User,男
User_38785483,User,男
User_26152048,User,保密
User_104848964,User,男
User_442456064,User,男
User_309471407,User,保密
User_323716952,User,男
User_1414354877,User,男
User_1703367262,User,保密
User_35426331,User,保密
User_434160025,User,男
User_1795065715,User,保密
User_361719682,User,男
User_425499368,User,保密
User_406114313,User,保密
User_14878925,User,保密
User_36223802,User,保密
User_444279944,User,保密
User_403122089,User,保密
User_403275486,User,保密
User_13949313,User,保密
User_286258957,User,保密
User_648171025,User,保密
User_212992929,User,男
User_517645828,User,保密
User_22724642,User,保密
User_144287,User,保密
User_3461573827889278,User,保密
User_503152345,User,保密
User_392582744,User,保密
User_93831271,User,保密
User_518835839,User,男
User_419088861,User,保密
User_477702051,User,保密
User_805058,User,男
User_272391819,User,保密
User_303528578,User,保密
User_49560277,User,男
User_11325150,User,保密
User_498941287,User,男
User_2158883,User,保密
User_256487042,User,男
User_17828627,User,男
User_482577220,User,保密
User_497608687,User,女
User_606295441,User,保密
User_671039,User,男
User_24891346,User,男
User_32702132,User,男
User_292676220,User,保密
User_488762037,User,保密
User_426465187,User,保密
User_44507728,User,保密
User_298747775,User,保密
User_18693167,User,保密
User_402421189,User,保密
User_407029746,User,保密
User_454690212,User,保密
User_12635569,User,保密
User_474186893,User,保密
User_549677284,User,男
User_28563016,User,男
User_626826438,User,保密
User_397563826,User,保密
User_319101138,User,保密
User_386324161,User,男
User_39760198,User,男
User_8227011,User,保密
User_418578129,User,女
User_474592959,User,男
User_514072676,User,男
User_1328689545,User,保密
User_35160375,User,女
User_400302563,User,保密
User_1928690248,User,男
User_10984971,User,男
User_393407625,User,保密
User_87992498,User,女
User_19270530,User,男
User_3461571210643963,User,保密
User_472550823,User,女
User_22280303,User,保密
User_2149063,User,男
User_3461565256829134,User,保密
User_30008364,User,男
User_23584790,User,保密
User_21162891,User,男
User_378481,User,保密
User_1817781531,User,保密
User_383223862,User,女
User_49793546,User,男
User_2112865833,User,女
User_442031503,User,保密
User_131450156,User,男
User_3546707300190866,User,保密
User_39792641,User,女
User_360696013,User,保密
User_360205928,User,保密
User_474963137,User,男
User_10061534,User,男
User_1046292389,User,保密
User_317142768,User,男
User_32567940,User,女
User_481335021,User,男
User_471072968,User,保密
User_190690937,User,保密
User_700524832,User,男
User_403118140,User,男
User_356413507,User,男
User_226985495,User,保密
User_27278985,User,男
User_29876216,User,男
User_293296710,User,男
User_12798504,User,保密
User_643267167,User,保密
User_1920196453,User,保密
User_32454039,User,保密
User_11232128,User,男
User_478386928,User,保密
User_362850602,User,保密
User_2080281924,User,保密
User_29306128,User,男
User_56409104,User,男
User_1183892625,User,保密
User_499924436,User,保密
User_1554069296,User,保密
User_198673246,User,男
User_10209784,User,女
User_9082677,User,保密
User_356567735,User,男
User_397067409,User,保密
User_384622582,User,保密
User_692113820,User,女
User_516177620,User,保密
User_293072869,User,男
User_43646297,User,男
User_504448366,User,保密
User_4582553,User,保密
User_33323634,User,保密
User_17990832,User,男
User_291403860,User,保密
User_472331234,User,保密
User_16392262,User,男
User_521908239,User,保密
User_167550091,User,保密
User_14959825,User,男
User_34191693,User,保密
User_68813897,User,保密
User_1395519154,User,保密
User_33328562,User,保密
User_17349003,User,男
User_5070807,User,男
User_3546376407354076,User,保密
User_4460431,User,保密
User_179003569,User,保密
User_371115407,User,保密
User_7917817,User,男
User_251387141,User,保密
User_943962,User,女
User_686140231,User,保密
User_394837094,User,保密
User_36024662,User,保密
User_3493077048100963,User,保密
User_179252678,User,男
User_578890736,User,保密
User_104265029,User,男
User_690873714,User,男
User_11624724,User,保密
User_280468127,User,保密
User_121886936,User,女
User_1314814585,User,保密
User_137451992,User,保密
User_77616372,User,保密
User_499453688,User,男
User_281183317,User,男
User_54679510,User,保密
User_329567204,User,男
User_1123889890,User,保密
User_108924299,User,保密
User_108628058,User,保密
User_2024311005,User,保密
User_309306513,User,男
User_328356051,User,保密
User_173574066,User,保密
User_34317981,User,保密
User_30426,User,男
User_128131038,User,男
User_229196918,User,保密
User_3546382883359335,User,保密
User_167581287,User,保密
User_243703701,User,保密
User_270451985,User,保密
User_38489147,User,男
User_527192336,User,男
User_416733208,User,男
User_1461764265,User,保密
User_34562863,User,男
User_26527556,User,男
User_13407244,User,男
User_36830803,User,男
User_156457075,User,保密
User_33592968,User,保密
User_98713919,User,男
User_344443546,User,保密
User_409042157,User,男
User_1431278,User,男
User_933271,User,男
User_512237793,User,保密
User_900535,User,男
User_25837529,User,男
User_1641523106,User,保密
User_218417,User,男
User_489907642,User,保密
User_356780140,User,男
User_481955015,User,保密
User_269382691,User,男
User_277097057,User,男
User_81622323,User,女
User_6426881,User,男
User_173821425,User,保密
User_88206665,User,男
User_19311349,User,男
User_3361877,User,男
User_11606119,User,男
User_10930770,User,保密
User_276607735,User,男
User_446678443,User,男
User_126310,User,男
User_31574466,User,男
User_388315131,User,保密
User_494656559,User,保密
User_504292313,User,保密
User_49975384,User,保密
User_25019570,User,男
User_31356700,User,男
User_170857039,User,女
User_84517709,User,保密
User_1297139992,User,保密
User_195546286,User,保密
User_20168908,User,保密
User_356477528,User,男
User_57615216,User,男
User_13304417,User,男
User_288151742,User,保密
User_479266011,User,男
User_7696211,User,男
User_11348525,User,男
User_20787084,User,保密
User_172473978,User,保密
User_252430712,User,男
User_328376530,User,保密
User_308433672,User,男
User_11314863,User,男
User_470478910,User,保密
User_352364399,User,男
User_536355673,User,女
User_14996887,User,男
User_21172561,User,男
User_517343298,User,男
User_426093644,User,男
User_47715254,User,女
User_346358018,User,男
User_21809850,User,保密
User_3266856,User,保密
User_1402760,User,男
User_37683259,User,保密
User_335991899,User,男
User_287054095,User,男
User_506240695,User,保密
User_880939,User,保密
User_279279116,User,女
User_32681248,User,男
User_109140701,User,保密
User_13881553,User,保密
User_3494357046922130,User,保密
User_11167027,User,保密
User_426944242,User,男
User_187956194,User,保密
User_23397132,User,男
User_1278802,User,保密
User_471263692,User,男
User_90239787,User,保密
User_108569416,User,保密
User_19103673,User,保密
User_806525,User,男
User_24322817,User,男
User_327978926,User,保密
User_210757,User,男
User_26355142,User,男
User_450880809,User,女
User_21822981,User,男
User_385623432,User,男
User_21557055,User,男
User_404793385,User,保密
User_295537467,User,男
User_286611783,User,男
User_39886003,User,男
User_22014888,User,保密
User_432127491,User,男
User_83518329,User,保密
User_10608169,User,男
User_174201459,User,男
User_1807609475,User,保密
User_363339727,User,女
User_11760595,User,男
User_457867128,User,男
User_243931076,User,保密
User_69833298,User,男
User_407441198,User,保密
User_1127252803,User,保密
User_20932934,User,保密
User_310152298,User,保密
User_15868688,User,男
User_276044817,User,保密
User_2132692631,User,男
User_4305236,User,男
User_472614501,User,男
User_313509050,User,保密
User_3493297066609313,User,保密
User_19325125,User,保密
User_1101276533,User,女
User_30137968,User,男
User_3493278406150899,User,男
User_365462512,User,保密
User_241790704,User,保密
User_281649938,User,男
User_696184597,User,保密
User_17889381,User,男
User_566749002,User,男
User_47261891,User,保密
User_11630390,User,男
User_259743121,User,保密
User_201460595,User,男
User_87728011,User,女
User_23095058,User,保密
User_2098933,User,保密
User_3125187,User,男
User_511883713,User,保密
User_359522070,User,保密
User_32174794,User,保密
User_432306555,User,男
User_412374472,User,男
User_1392632409,User,保密
User_10318108,User,男
User_1264758522,User,保密
User_646453465,User,保密
User_689265205,User,女
User_383595682,User,保密
User_11407035,User,男
User_13155846,User,保密
User_27748182,User,男
User_36753778,User,保密
User_22373108,User,保密
User_337870615,User,保密
User_54185274,User,男
User_455513342,User,男
User_430392707,User,保密
User_6086579,User,保密
User_17680991,User,保密
User_843925,User,保密
User_27295253,User,男
User_513878119,User,男
User_2072213369,User,女
User_205675,User,男
User_52889236,User,男
User_15755403,User,保密
User_2215228,User,保密
User_11485999,User,女
User_547124929,User,保密
User_10980837,User,男
User_26877036,User,男
User_13318675,User,男
User_103124450,User,男
User_16115738,User,男
User_381682,User,保密
User_399976906,User,男
User_32661091,User,保密
User_51821222,User,男
User_20970696,User,保密
User_1952122,User,保密
User_293632699,User,保密
User_30028034,User,女
User_236417697,User,男
User_109136968,User,保密
User_3433542,User,男
User_1649542,User,保密
User_3493268121716991,User,保密
User_255907892,User,保密
User_1419876747,User,保密
User_660027799,User,保密
User_427525905,User,男
User_7612434,User,保密
User_325911389,User,男
User_55535626,User,男
User_248360691,User,男
User_473957125,User,保密
User_1657217331,User,男
User_16804738,User,保密
User_27304243,User,女
User_122513905,User,男
User_62877795,User,男
User_2102156,User,保密
User_513844649,User,保密
User_11317931,User,男
User_13910334,User,男
User_21646796,User,男
User_1795307370,User,保密
User_35397840,User,男
User_2114287512,User,保密
User_28922107,User,保密
User_444973760,User,男
User_354182400,User,保密
User_176959866,User,男
User_150326028,User,男
User_1828130,User,男
User_11801883,User,保密
User_189558,User,保密
User_82401435,User,保密
User_57481618,User,男
User_26208668,User,男
User_27713608,User,男
User_13488093,User,保密
User_31616525,User,保密
User_700933845,User,保密
User_407744282,User,男
User_439360491,User,男
User_13652602,User,男
User_1949189341,User,保密
User_160951064,User,男
User_206708,User,保密
